Date,Occurence
Friday March 20 2020,1
Friday March 20 2020,1
Saturday March 21 2020,1
Friday March 20 2020,1
Friday March 20 2020,1
Friday March 20 2020,1
Friday March 20 2020,1
Friday March 20 2020,1
Friday March 20 2020,1
Friday March 20 2020,1
Friday March 20 2020,1
Friday March 20 2020,1
Friday March 20 2020,1
Friday March 20 2020,1
Thursday April 02 2020,1
Friday March 20 2020,1
Friday March 20 2020,1
Friday March 20 2020,1
Friday March 20 2020,1
Friday March 20 2020,1
Friday March 20 2020,1
Friday March 20 2020,1
Friday March 20 2020,1
Friday August 21 2020,1
Saturday March 21 2020,1
Saturday March 21 2020,1
Saturday March 21 2020,1
Saturday March 21 2020,1
Saturday March 21 2020,1
Saturday March 21 2020,1
Saturday March 21 2020,1
Saturday March 21 2020,1
Saturday March 21 2020,1
Saturday March 21 2020,1
Saturday March 21 2020,1
Saturday March 21 2020,1
Saturday March 21 2020,1
Saturday March 21 2020,1
Saturday March 21 2020,1
Saturday March 21 2020,1
Saturday March 21 2020,1
Saturday March 21 2020,1
Saturday March 21 2020,1
Saturday March 21 2020,1
Saturday March 21 2020,1
Saturday March 21 2020,1
Saturday March 21 2020,1
Friday August 21 2020,1
Sunday March 15 2020,1
Sunday March 15 2020,1
Sunday March 15 2020,1
Wednesday March 18 2020,1
Thursday March 19 2020,1
Thursday March 19 2020,1
Sunday March 15 2020,1
Sunday March 15 2020,1
Monday March 16 2020,1
Tuesday March 17 2020,1
Thursday April 02 2020,1
Wednesday March 18 2020,1
Friday March 20 2020,1
Monday March 16 2020,1
Sunday March 15 2020,1
Sunday March 15 2020,1
Monday March 16 2020,1
Tuesday March 17 2020,1
Thursday March 19 2020,1
Sunday March 15 2020,1
Monday March 16 2020,1
Monday March 16 2020,1
Wednesday March 18 2020,1
Wednesday March 18 2020,1
Wednesday March 18 2020,1
Thursday March 19 2020,1
Thursday March 19 2020,1
Wednesday May 20 2020,1
Friday March 20 2020,1
Wednesday March 25 2020,1
Friday March 20 2020,1
Saturday March 21 2020,1
Saturday March 21 2020,1
Saturday March 21 2020,1
Saturday March 21 2020,1
Sunday March 15 2020,1
Sunday March 15 2020,1
Sunday March 15 2020,1
Sunday March 15 2020,1
Thursday March 19 2020,1
Thursday March 19 2020,1
Thursday March 19 2020,1
Friday March 20 2020,1
Friday March 20 2020,1
Saturday March 21 2020,1
Saturday March 21 2020,1
Tuesday March 17 2020,1
Wednesday March 18 2020,1
Thursday March 19 2020,1
Wednesday March 18 2020,1
Tuesday March 17 2020,1
Tuesday March 17 2020,1
Tuesday March 17 2020,1
Wednesday March 18 2020,1
Wednesday March 18 2020,1
Thursday March 19 2020,1
Thursday March 19 2020,1
Thursday March 19 2020,1
Saturday March 21 2020,1
Sunday March 15 2020,1
Thursday March 19 2020,1
Saturday March 21 2020,1
Saturday March 21 2020,1
Sunday March 15 2020,1
Sunday March 15 2020,1
Sunday March 15 2020,1
Tuesday March 17 2020,1
Tuesday March 17 2020,1
Wednesday March 18 2020,1
Monday March 16 2020,1
Thursday March 19 2020,1
Sunday March 15 2020,1
Sunday March 15 2020,1
Monday March 16 2020,1
Monday March 16 2020,1
Wednesday March 18 2020,1
Wednesday March 18 2020,1
Thursday March 19 2020,1
Thursday March 19 2020,1
Thursday March 19 2020,1
Thursday March 19 2020,1
Thursday March 19 2020,1
Friday March 20 2020,1
Friday March 20 2020,1
Saturday March 21 2020,1
Friday March 20 2020,1
Sunday March 15 2020,1
Sunday March 15 2020,1
Sunday March 15 2020,1
Thursday March 19 2020,1
Friday March 20 2020,1
Sunday March 15 2020,1
Sunday March 15 2020,1
Sunday March 15 2020,1
Sunday March 15 2020,1
Sunday March 15 2020,1
Sunday March 15 2020,1
Monday March 16 2020,1
Monday March 16 2020,1
Wednesday March 18 2020,1
Wednesday March 18 2020,1
Wednesday March 18 2020,1
Thursday March 19 2020,1
Thursday March 19 2020,1
Thursday March 19 2020,1
Friday March 20 2020,1
Friday March 20 2020,1
Saturday March 21 2020,1
Saturday March 21 2020,1
Sunday March 15 2020,1
Monday March 16 2020,1
Tuesday March 17 2020,1
Tuesday March 17 2020,1
Wednesday March 18 2020,1
Wednesday March 18 2020,1
Wednesday March 18 2020,1
Wednesday March 18 2020,1
Wednesday March 18 2020,1
Wednesday March 18 2020,1
Wednesday March 18 2020,1
Thursday March 19 2020,1
Thursday March 19 2020,1
Thursday March 19 2020,1
Friday March 20 2020,1
Friday March 20 2020,1
Saturday March 21 2020,1
Monday March 16 2020,1
Monday March 16 2020,1
Wednesday March 18 2020,1
Wednesday March 18 2020,1
Sunday March 15 2020,1
Sunday March 15 2020,1
Sunday March 15 2020,1
Monday March 16 2020,1
Monday March 16 2020,1
Monday March 16 2020,1
Tuesday March 17 2020,1
Wednesday March 18 2020,1
cant click,1
Wednesday March 18 2020,1
Thursday March 19 2020,1
cant click,1
Thursday March 19 2020,1   
Thursday March 19 2020,1
Thursday March 19 2020,1   
Thursday March 19 2020,1
Friday March 20 2020,1
Friday March 20 2020,1
Friday March 20 2020,1
Saturday March 21 2020,1
Monday March 16 2020,1
